{
  "n_components": 50,
  "explained_variance_ratio": [
    0.15142684432118358,
    0.08336267810004722,
    0.05481073522696209,
    0.05158181466502124,
    0.042445667626727045,
    0.03447863483910008,
    0.033326220425404215,
    0.026139230470629028,
    0.02464058502049026,
    0.022218481600084578,
    0.0190367236119289,
    0.018602371574588838,
    0.018089605130827406,
    0.01628643046937212,
    0.014968467354666896,
    0.014688011876901934,
    0.014022854395170129,
    0.013142747397081737,
    0.012597190589447292,
    0.012391499553768287,
    0.012321755923375652,
    0.011776912607116491,
    0.01157210640165433,
    0.011246538610942023,
    0.011120395428647838,
    0.010439041589901082,
    0.01026742436982277,
    0.010018334027685037,
    0.00985034937114716,
    0.009583074823456125,
    0.009508215733490928,
    0.009144429802607271,
    0.009031270203970928,
    0.008418995545277233,
    0.008326627168242678,
    0.008277299129425087,
    0.00790898093222448,
    0.007879811852546442,
    0.0076934557590306995,
    0.007611067098024573,
    0.0074867652314159075,
    0.007315457915968609,
    0.007159137782525933,
    0.007058165497102968,
    0.006927929294434552,
    0.006798078991419024,
    0.006715342457848577,
    0.006483275347164913,
    0.0062357723400626305,
    0.006089884423089454
  ],
  "cumulative_variance": [
    0.15142684432118358,
    0.2347895224212308,
    0.28960025764819286,
    0.3411820723132141,
    0.38362773993994115,
    0.4181063747790412,
    0.45143259520444545,
    0.4775718256750745,
    0.5022124106955648,
    0.5244308922956493,
    0.5434676159075782,
    0.5620699874821671,
    0.5801595926129944,
    0.5964460230823666,
    0.6114144904370336,
    0.6261025023139355,
    0.6401253567091056,
    0.6532681041061874,
    0.6658652946956347,
    0.678256794249403,
    0.6905785501727787,
    0.7023554627798951,
    0.7139275691815494,
    0.7251741077924915,
    0.7362945032211393,
    0.7467335448110404,
    0.7570009691808631,
    0.7670193032085482,
    0.7768696525796953,
    0.7864527274031514,
    0.7959609431366423,
    0.8051053729392497,
    0.8141366431432205,
    0.8225556386884978,
    0.8308822658567405,
    0.8391595649861656,
    0.8470685459183901,
    0.8549483577709366,
    0.8626418135299673,
    0.8702528806279919,
    0.8777396458594078,
    0.8850551037753764,
    0.8922142415579024,
    0.8992724070550053,
    0.9062003363494399,
    0.9129984153408589,
    0.9197137577987075,
    0.9261970331458723,
    0.932432805485935,
    0.9385226899090244
  ],
  "n_samples": 64,
  "n_features": 196608,
  "components_for_95_variance": 1,
  "components_for_99_variance": 1
}