{
  "style_diversity": {
    "variation_score": 0.5732173518561615,
    "lighting_diversity": 0.6079351414625971,
    "pose_diversity": 0.1779143573905041,
    "expression_diversity": 0.999999957759418,
    "avg_style_distance": 0.37484907390424627,
    "max_style_distance": 0.9655063735994441,
    "style_coverage": 0.388240910836036,
    "overall_style_score": 0.5243441596545273
  },
  "avg_style_metrics": {
    "brightness": 0.3739537976682186,
    "contrast": 0.3719839915633202,
    "symmetry": 0.7231029570102692,
    "smile_intensity": 0.8160594329237938
  },
  "style_clusters": {
    "0": {
      "type": "Smiling",
      "size": 5,
      "percentage": 25.0,
      "centroid": [
        0.3820153772830963,
        0.3785034716129303,
        1.1851685518812354,
        0.7163442969322205,
        0.8937541127204895,
        1.0,
        0.567644476890564
      ],
      "face_ids": [
        0,
        1,
        4,
        6,
        7
      ]
    },
    "1": {
      "type": "Smiling",
      "size": 9,
      "percentage": 45.0,
      "centroid": [
        0.38518425987826455,
        0.3739268051253425,
        0.9323386729931326,
        0.743887421157625,
        0.9406471517350938,
        1.0,
        0.4461585150824653
      ],
      "face_ids": [
        2,
        3,
        8,
        9,
        10,
        14,
        15,
        18,
        19
      ]
    },
    "2": {
      "type": "Neutral",
      "size": 5,
      "percentage": 25.0,
      "centroid": [
        0.3684616208076477,
        0.37191556096076966,
        1.0335281404424417,
        0.6906426966190338,
        0.5948680520057679,
        1.0,
        0.5030181705951691
      ],
      "face_ids": [
        5,
        11,
        13,
        16,
        17
      ]
    },
    "3": {
      "type": "Front-facing",
      "size": 1,
      "percentage": 5.0,
      "centroid": [
        0.26003262400627136,
        0.32224342226982117,
        0.47165987225653383,
        0.7321373820304871,
        0.4122534692287445,
        1.0,
        0.5188918709754944
      ],
      "face_ids": [
        12
      ]
    }
  },
  "n_faces": 20,
  "n_style_features": 7
}