{
  "novelty_percentage": 0.0,
  "avg_similarity": 0.9879432634323801,
  "max_similarity": 0.9968228657478693,
  "min_similarity": 0.9696649449458596,
  "n_faces": 5,
  "n_unique": 0,
  "seeds": [
    42,
    442,
    242,
    142,
    342
  ],
  "similarity_matrix": [
    [
      1.0,
      0.994611084416649,
      0.9939059034639004,
      0.979245797084132,
      0.9968228657478693
    ],
    [
      0.994611084416649,
      1.0,
      0.987040376240905,
      0.9696649449458596,
      0.994617855372151
    ],
    [
      0.9939059034639004,
      0.987040376240905,
      1.0,
      0.9922693056180156,
      0.9938535183003057
    ],
    [
      0.979245797084132,
      0.9696649449458596,
      0.9922693056180156,
      1.0,
      0.9774009831340149
    ],
    [
      0.9968228657478693,
      0.994617855372151,
      0.9938535183003057,
      0.9774009831340149,
      1.0
    ]
  ]
}