{
  "n_samples": 64,
  "n_features": 16,
  "timestamp": "2025-12-04T16:29:07.318371",
  "pca_variance": [
    0.559220476011964,
    0.16529800071276093,
    0.08996235956002513,
    0.06320818341749869,
    0.04613601457783438,
    0.030230946283019595,
    0.02131769791213989,
    0.011163709528274576,
    0.006621717902476905,
    0.002821276437185889
  ],
  "cluster_labels": [
    0,
    1,
    1,
    0,
    1,
    1,
    1,
    0,
    0,
    1,
    1,
    0,
    0,
    1,
    1,
    1,
    0,
    1,
    0,
    0,
    1,
    1,
    1,
    1,
    1,
    1,
    1,
    0,
    0,
    1,
    1,
    1,
    1,
    0,
    1,
    1,
    1,
    1,
    0,
    1,
    1,
    0,
    0,
    1,
    1,
    0,
    1,
    1,
    1,
    0,
    1,
    0,
    0,
    1,
    1,
    0,
    1,
    0,
    0,
    1,
    1,
    1,
    0,
    0
  ],
  "performance": {
    "Brightness": {
      "train": 0.9179064931606666,
      "test": 0.9165496632985569,
      "metric": "R\u00b2 Score"
    },
    "Contrast": {
      "train": 0.9278767175975228,
      "test": 0.8958558907496432,
      "metric": "R\u00b2 Score"
    },
    "ColorWarmth": {
      "train": 0.9303421877083922,
      "test": 0.9291251392002441,
      "metric": "R\u00b2 Score"
    },
    "Complexity": {
      "train": 0.4468192568901037,
      "test": 0.3897327228734816,
      "metric": "R\u00b2 Score"
    }
  }
}