{
  "precision": 1.0,
  "recall": 0.08333333333333333,
  "f1_score": 0.15384615242603553,
  "density": 0.06729777625686892,
  "coverage": 0.12430112412416826,
  "coverage_metrics": {
    "centroid_distance": 2.0140362912359535,
    "real_spread": 0.6733366410975467,
    "gen_spread": 0.0771634504199028,
    "spread_ratio": 0.11459861912183968,
    "overlap_score": 0.03235046250777153
  },
  "n_generated": 20,
  "n_reference": 60,
  "k_neighbors": 3
}